<?xml version="1.0" encoding="UTF-8" standalone="yes"?>
<SharedFlowBundle revision="1" name="SF-Legacy-Transform">
    <ConfigurationVersion majorVersion="4" minorVersion="0"/>
    <CreatedAt>1640995200000</CreatedAt>
    <CreatedBy>test@example.com</CreatedBy>
    <Description>Legacy transformation shared flow with deprecated policies</Description>
    <DisplayName>Legacy Transform SharedFlow</DisplayName>
    <LastModifiedAt>1640995200000</LastModifiedAt>
    <LastModifiedBy>test@example.com</LastModifiedBy>
    <Policies>
        <Policy>XMLToJSON-Transform</Policy>
        <Policy>LookupCache-Policy</Policy>
    </Policies>
    <SharedFlows>
        <SharedFlow>default</SharedFlow>
    </SharedFlows>
</SharedFlowBundle>